macs,status,cliente,data,origem,lote_recebimento,lote_treevia
fgdfgsdf,Cliente,ELKS Engenharia Florestal e Ambiental Ltda,2024-10-28,,,
teste,Cliente,ELKS Engenharia Florestal e Ambiental Ltda,2024-10-28,,,
teste,Remanufatura,,2024-10-28,,,
teste,Cliente,Aldeir Testes Corporation,2024-10-28,,,
C00C1D001443,Estoque,,2024-10-30,Fornecedor,teste,
C00C1D0015B4,Estoque,,2024-10-30,Fornecedor,teste,
C00C1D0009FD,Estoque,,2024-10-30,Fornecedor,30620,2024-30620-A
C00C1D000779,Estoque,,2024-10-30,Fornecedor,30620,2024-30620-A
C00C1D0004EB,Estoque,,2024-10-30,Fornecedor,30620,2024-30620-A
C00C1D00163E,Estoque,,2024-10-30,Fornecedor,30620,2024-30620-A
C00C1D001298,Estoque,,2024-10-30,Fornecedor,30620,2024-30620-A
C00C1D0015D6,Estoque,,2024-10-30,Fornecedor,30620,2024-30620-A
C00C1D00136A,Estoque,,2024-10-30,Fornecedor,30620,2024-30620-A
C00C1D0013FC,Estoque,,2024-10-30,Fornecedor,30620,2024-30620-A
C00C1D0010AF,Estoque,,2024-10-30,Fornecedor,30620,2024-30620-A
C00C1D00053B,Estoque,,2024-10-30,Fornecedor,30620,2024-30620-A
C00C1D001116,Estoque,,2024-10-30,Fornecedor,30620,2024-30620-A
C00C1D000988,Estoque,,2024-10-30,Fornecedor,30620,2024-30620-A
C00C1D0015A5,Estoque,,2024-10-30,Fornecedor,30620,2024-30620-A
C00C1D000581,Estoque,,2024-10-30,Fornecedor,30620,2024-30620-A
C00C1D0012A8,Estoque,,2024-10-30,Fornecedor,30620,2024-30620-A
C00C1D00075C,Estoque,,2024-10-30,Fornecedor,30620,2024-30620-A
C00C1D001132,Estoque,,2024-10-30,Fornecedor,30620,2024-30620-A
C00C1D001373,Estoque,,2024-10-30,Fornecedor,30620,2024-30620-A
C00C1D00114A,Estoque,,2024-10-30,Fornecedor,30620,2024-30620-A
C00C1D001585,Estoque,,2024-10-30,Fornecedor,30620,2024-30620-A
C00C1D000975,Estoque,,2024-10-30,Fornecedor,30620,2024-30620-A
C00C1D000958,Estoque,,2024-10-30,Fornecedor,30620,2024-30620-A
C00C1D001E44,Estoque,,2024-10-30,Fornecedor,30620,2024-30620-A
C00C1D0015B2,Estoque,,2024-10-30,Fornecedor,30620,2024-30620-A
C00C1D00163F,Estoque,,2024-10-30,Fornecedor,30620,2024-30620-A
C00C1D000932,Estoque,,2024-10-30,Fornecedor,30620,2024-30620-A
C00C1D001398,Estoque,,2024-10-30,Fornecedor,30620,2024-30620-A
C00C1D001588,Estoque,,2024-10-30,Fornecedor,30620,2024-30620-A
C00C1D001505,Estoque,,2024-10-30,Fornecedor,30620,2024-30620-A
C00C1D001188,Estoque,,2024-10-30,Fornecedor,30620,2024-30620-A
C00C1D000841,Estoque,,2024-10-30,Fornecedor,30620,2024-30620-A
C00C1D001563,Estoque,,2024-10-30,Fornecedor,30620,2024-30620-A
C00C1D00157E,Estoque,,2024-10-30,Fornecedor,30620,2024-30620-A
C00C1D001617,Estoque,,2024-10-30,Fornecedor,30620,2024-30620-A
C00C1D0008B4,Estoque,,2024-10-30,Fornecedor,30620,2024-30620-A
C00C1D0013C3,Estoque,,2024-10-30,Fornecedor,30620,2024-30620-A
C00C1D0012F3,Estoque,,2024-10-30,Fornecedor,30620,2024-30620-A
C00C1D0010D3,Estoque,,2024-10-30,Fornecedor,30620,2024-30620-A
C00C1D001107,Estoque,,2024-10-30,Fornecedor,30620,2024-30620-A
C00C1D000A48,Estoque,,2024-10-30,Fornecedor,30620,2024-30620-A
C00C1D000961,Estoque,,2024-10-30,Fornecedor,30620,2024-30620-A
C00C1D001388,Estoque,,2024-10-30,Fornecedor,30620,2024-30620-A
C00C1D001145,Estoque,,2024-10-30,Fornecedor,30620,2024-30620-A
C00C1D0013ED,Estoque,,2024-10-30,Fornecedor,30620,2024-30620-A
C00C1D0014AC,Estoque,,2024-10-30,Fornecedor,30620,2024-30620-A
C00C1D0012EA,Estoque,,2024-10-30,Fornecedor,30620,2024-30620-A
C00C1D0010EE,Estoque,,2024-10-30,Fornecedor,30620,2024-30620-A
C00C1D0005A9,Estoque,,2024-10-30,Fornecedor,30620,2024-30620-A
C00C1D000839,Estoque,,2024-10-30,Fornecedor,30620,2024-30620-A
C00C1D0011B6,Estoque,,2024-10-30,Fornecedor,30620,2024-30620-A
C00C1D00159A,Estoque,,2024-10-30,Fornecedor,30620,2024-30620-A
C00C1D0011AE,Estoque,,2024-10-30,Fornecedor,30620,2024-30620-A
C00C1D000F5D,Estoque,,2024-10-30,Fornecedor,30620,2024-30620-A
C00C1D0014B3,Estoque,,2024-10-30,Fornecedor,30620,2024-30620-A
C00C1D000A5B,Estoque,,2024-10-30,Fornecedor,30620,2024-30620-A
C00C1D001121,Estoque,,2024-10-30,Fornecedor,30620,2024-30620-A
C00C1D0009DA,Estoque,,2024-10-30,Fornecedor,30620,2024-30620-A
C00C1D001497,Estoque,,2024-10-30,Fornecedor,30620,2024-30620-A
C00C1D001541,Estoque,,2024-10-30,Fornecedor,30620,2024-30620-A
C00C1D001645,Estoque,,2024-10-30,Fornecedor,30620,2024-30620-A
C00C1D000876,Estoque,,2024-10-30,Fornecedor,30620,2024-30620-A
C00C1D001395,Estoque,,2024-10-30,Fornecedor,30620,2024-30620-A
C00C1D001429,Estoque,,2024-10-30,Fornecedor,30620,2024-30620-A
C00C1D001131,Estoque,,2024-10-30,Fornecedor,30620,2024-30620-A
C00C1D0015E5,Estoque,,2024-10-30,Fornecedor,30620,2024-30620-A
C00C1D001216,Estoque,,2024-10-30,Fornecedor,30620,2024-30620-A
C00C1D001D43,Estoque,,2024-10-30,Fornecedor,30620,2024-30620-A
C00C1D0012F5,Estoque,,2024-10-30,Fornecedor,30620,2024-30620-A
C00C1D00163C,Estoque,,2024-10-30,Fornecedor,30620,2024-30620-A
C00C1D0011DA,Estoque,,2024-10-30,Fornecedor,30620,2024-30620-A
C00C1D0008D9,Estoque,,2024-10-30,Fornecedor,30620,2024-30620-A
C00C1D001AA4,Estoque,,2024-10-30,Fornecedor,30620,2024-30620-A
C00C1D001249,Estoque,,2024-10-30,Fornecedor,30620,2024-30620-B
C00C1D000A7D,Estoque,,2024-10-30,Fornecedor,30620,2024-30620-B
C00C1D0006A9,Estoque,,2024-10-30,Fornecedor,30620,2024-30620-B
C00C1D0009AB,Estoque,,2024-10-30,Fornecedor,30620,2024-30620-B
C00C1D000905,Estoque,,2024-10-30,Fornecedor,30620,2024-30620-B
C00C1D00058E,Estoque,,2024-10-30,Fornecedor,30620,2024-30620-B
C00C1D0015F3,Estoque,,2024-10-30,Fornecedor,30620,2024-30620-B
C00C1D00164C,Estoque,,2024-10-30,Fornecedor,30620,2024-30620-B
C00C1D00048C,Estoque,,2024-10-30,Fornecedor,30620,2024-30620-B
C00C1D00120F,Estoque,,2024-10-30,Fornecedor,30620,2024-30620-B
C00C1D000ED1,Estoque,,2024-10-30,Fornecedor,30620,2024-30620-B
C00C1D0015CB,Estoque,,2024-10-30,Fornecedor,30620,2024-30620-B
C00C1D00128F,Estoque,,2024-10-30,Fornecedor,30620,2024-30620-B
C00C1D0004CE,Estoque,,2024-10-30,Fornecedor,30620,2024-30620-B
C00C1D001494,Estoque,,2024-10-30,Fornecedor,30620,2024-30620-B
C00C1D000959,Estoque,,2024-10-30,Fornecedor,30620,2024-30620-B
C00C1D00057C,Estoque,,2024-10-30,Fornecedor,30620,2024-30620-B
C00C1D000558,Estoque,,2024-10-30,Fornecedor,30620,2024-30620-B
C00C1D00164A,Estoque,,2024-10-30,Fornecedor,30620,2024-30620-B
C00C1D00141E,Estoque,,2024-10-30,Fornecedor,30620,2024-30620-B
C00C1D001467,Estoque,,2024-10-30,Fornecedor,30620,2024-30620-B
C00C1D0015FF,Estoque,,2024-10-30,Fornecedor,30620,2024-30620-B
C00C1D0010D2,Estoque,,2024-10-30,Fornecedor,30620,2024-30620-B
C00C1D000A3B,Estoque,,2024-10-30,Fornecedor,30620,2024-30620-B
C00C1D001572,Estoque,,2024-10-30,Fornecedor,30620,2024-30620-B
C00C1D000A3D,Estoque,,2024-10-30,Fornecedor,30620,2024-30620-B
C00C1D00142D,Estoque,,2024-10-30,Fornecedor,30620,2024-30620-B
C00C1D0011F2,Estoque,,2024-10-30,Fornecedor,30620,2024-30620-B
C00C1D00068F,Estoque,,2024-10-30,Fornecedor,30620,2024-30620-B
C00C1D000569,Estoque,,2024-10-30,Fornecedor,30620,2024-30620-B
C00C1D001584,Estoque,,2024-10-30,Fornecedor,30620,2024-30620-B
C00C1D00077F,Estoque,,2024-10-30,Fornecedor,30620,2024-30620-B
C00C1D00121E,Estoque,,2024-10-30,Fornecedor,30620,2024-30620-B
C00C1D00161E,Estoque,,2024-10-30,Fornecedor,30620,2024-30620-B
C00C1D0017E3,Estoque,,2024-10-30,Fornecedor,30620,2024-30620-B
C00C1D001106,Estoque,,2024-10-30,Fornecedor,30620,2024-30620-B
C00C1D001175,Estoque,,2024-10-30,Fornecedor,30620,2024-30620-B
C00C1D001E2E,Estoque,,2024-10-30,Fornecedor,30620,2024-30620-B
C00C1D0014B2,Estoque,,2024-10-30,Fornecedor,30620,2024-30620-B
C00C1D0007BE,Estoque,,2024-10-30,Fornecedor,30620,2024-30620-B
C00C1D001428,Estoque,,2024-10-30,Fornecedor,30620,2024-30620-B
C00C1D0015DA,Estoque,,2024-10-30,Fornecedor,30620,2024-30620-B
C00C1D0012F1,Estoque,,2024-10-30,Fornecedor,30620,2024-30620-B
C00C1D001647,Estoque,,2024-10-30,Fornecedor,30620,2024-30620-B
C00C1D0013CE,Estoque,,2024-10-30,Fornecedor,30620,2024-30620-B
C00C1D001278,Estoque,,2024-10-30,Fornecedor,30620,2024-30620-B
C00C1D0009E4,Estoque,,2024-10-30,Fornecedor,30620,2024-30620-B
C00C1D0010BD,Estoque,,2024-10-30,Fornecedor,30620,2024-30620-B
C00C1D000434,Estoque,,2024-10-30,Fornecedor,30620,2024-30620-B
C00C1D001201,Estoque,,2024-10-30,Fornecedor,30620,2024-30620-B
C00C1D0007E8,Estoque,,2024-10-30,Fornecedor,30620,2024-30620-B
C00C1D000996,Estoque,,2024-10-30,Fornecedor,30620,2024-30620-B
C00C1D0019C7,Estoque,,2024-10-30,Fornecedor,30620,2024-30620-B
C00C1D000992,Estoque,,2024-10-30,Fornecedor,30620,2024-30620-B
C00C1D00085B,Estoque,,2024-10-30,Fornecedor,30620,2024-30620-B
C00C1D0013CD,Estoque,,2024-10-30,Fornecedor,30620,2024-30620-B
C00C1D001159,Estoque,,2024-10-30,Fornecedor,30620,2024-30620-B
C00C1D001218,Estoque,,2024-10-30,Fornecedor,30620,2024-30620-B
C00C1D001477,Estoque,,2024-10-30,Fornecedor,30620,2024-30620-B
C00C1D00153A,Estoque,,2024-10-30,Fornecedor,30620,2024-30620-B
C00C1D000923,Estoque,,2024-10-30,Fornecedor,30620,2024-30620-B
C00C1D00128E,Estoque,,2024-10-30,Fornecedor,30620,2024-30620-B
C00C1D00093F,Estoque,,2024-10-30,Fornecedor,30620,2024-30620-B
C00C1D001594,Estoque,,2024-10-30,Fornecedor,30620,2024-30620-B
C00C1D0012F6,Estoque,,2024-10-30,Fornecedor,30620,2024-30620-B
C00C1D0015D4,Estoque,,2024-10-30,Fornecedor,30620,2024-30620-B
C00C1D001366,Estoque,,2024-10-30,Fornecedor,30620,2024-30620-B
C00C1D0008FE,Estoque,,2024-10-30,Fornecedor,30620,2024-30620-B
C00C1D00160B,Estoque,,2024-10-30,Fornecedor,30620,2024-30620-B
C00C1D001AE5,Estoque,,2024-10-30,Fornecedor,30620,2024-30620-B
C00C1D0013EF,Estoque,,2024-10-30,Fornecedor,30620,2024-30620-B
C00C1D0004A1,Estoque,,2024-10-30,Fornecedor,30620,2024-30620-B
C00C1D00163A,Estoque,,2024-10-30,Fornecedor,30620,2024-30620-C
C00C1D0004DE,Estoque,,2024-10-30,Fornecedor,30620,2024-30620-C
C00C1D00129C,Estoque,,2024-10-30,Fornecedor,30620,2024-30620-C
C00C1D000A3F,Estoque,,2024-10-30,Fornecedor,30620,2024-30620-C
C00C1D00145B,Estoque,,2024-10-30,Fornecedor,30620,2024-30620-C
C00C1D001128,Estoque,,2024-10-30,Fornecedor,30620,2024-30620-C
C00C1D0006D6,Estoque,,2024-10-30,Fornecedor,30620,2024-30620-C
C00C1D00080E,Estoque,,2024-10-30,Fornecedor,30620,2024-30620-C
C00C1D0015CF,Estoque,,2024-10-30,Fornecedor,30620,2024-30620-C
C00C1D0009A7,Estoque,,2024-10-30,Fornecedor,30620,2024-30620-C
C00C1D001411,Estoque,,2024-10-30,Fornecedor,30620,2024-30620-C
C00C1D001BF4,Estoque,,2024-10-30,Fornecedor,30620,2024-30620-C
C00C1D0015E8,Estoque,,2024-10-30,Fornecedor,30620,2024-30620-C
C00C1D001302,Estoque,,2024-10-30,Fornecedor,30620,2024-30620-C
C00C1D00062F,Estoque,,2024-10-30,Fornecedor,30620,2024-30620-C
C00C1D001622,Estoque,,2024-10-30,Fornecedor,30620,2024-30620-C
C00C1D0015A1,Estoque,,2024-10-30,Fornecedor,30620,2024-30620-C
C00C1D0015EE,Estoque,,2024-10-30,Fornecedor,30620,2024-30620-C
C00C1D0011C7,Estoque,,2024-10-30,Fornecedor,30620,2024-30620-C
C00C1D000A37,Estoque,,2024-10-30,Fornecedor,30620,2024-30620-C
C00C1D0010A9,Estoque,,2024-10-30,Fornecedor,30620,2024-30620-C
C00C1D001254,Estoque,,2024-10-30,Fornecedor,30620,2024-30620-C
C00C1D000928,Estoque,,2024-10-30,Fornecedor,30620,2024-30620-C
C00C1D0014F7,Estoque,,2024-10-30,Fornecedor,30620,2024-30620-C
C00C1D0015EB,Estoque,,2024-10-30,Fornecedor,30620,2024-30620-C
C00C1D000628,Estoque,,2024-10-30,Fornecedor,30620,2024-30620-C
C00C1D00111D,Estoque,,2024-10-30,Fornecedor,30620,2024-30620-C
C00C1D0015AB,Estoque,,2024-10-30,Fornecedor,30620,2024-30620-C
C00C1D001515,Estoque,,2024-10-30,Fornecedor,30620,2024-30620-C
C00C1D000494,Estoque,,2024-10-30,Fornecedor,30620,2024-30620-C
C00C1D000493,Estoque,,2024-10-30,Fornecedor,30620,2024-30620-C
C00C1D00119F,Estoque,,2024-10-30,Fornecedor,30620,2024-30620-C
C00C1D00117F,Estoque,,2024-10-30,Fornecedor,30620,2024-30620-C
C00C1D0015A4,Estoque,,2024-10-30,Fornecedor,30620,2024-30620-C
C00C1D001189,Estoque,,2024-10-30,Fornecedor,30620,2024-30620-C
C00C1D0011CA,Estoque,,2024-10-30,Fornecedor,30620,2024-30620-C
C00C1D00165B,Estoque,,2024-10-30,Fornecedor,30620,2024-30620-C
C00C1D00058F,Estoque,,2024-10-30,Fornecedor,30620,2024-30620-C
C00C1D00126E,Estoque,,2024-10-30,Fornecedor,30620,2024-30620-C
C00C1D001401,Estoque,,2024-10-30,Fornecedor,30620,2024-30620-C
C00C1D001234,Estoque,,2024-10-30,Fornecedor,30620,2024-30620-C
C00C1D001537,Estoque,,2024-10-30,Fornecedor,30620,2024-30620-C
C00C1D001A45,Estoque,,2024-10-30,Fornecedor,30620,2024-30620-C
C00C1D0011DD,Estoque,,2024-10-30,Fornecedor,30620,2024-30620-C
C00C1D0014AE,Estoque,,2024-10-30,Fornecedor,30620,2024-30620-C
C00C1D00138E,Estoque,,2024-10-30,Fornecedor,30620,2024-30620-C
C00C1D001315,Estoque,,2024-10-30,Fornecedor,30620,2024-30620-C
C00C1D0010C3,Estoque,,2024-10-30,Fornecedor,30620,2024-30620-C
C00C1D0012D4,Estoque,,2024-10-30,Fornecedor,30620,2024-30620-C
C00C1D000592,Estoque,,2024-10-30,Fornecedor,30620,2024-30620-C
C00C1D001297,Estoque,,2024-10-30,Fornecedor,30620,2024-30620-C
C00C1D0014EF,Estoque,,2024-10-30,Fornecedor,30620,2024-30620-C
C00C1D0007D1,Estoque,,2024-10-30,Fornecedor,30620,2024-30620-C
C00C1D0014CC,Estoque,,2024-10-30,Fornecedor,30620,2024-30620-C
C00C1D0011D7,Estoque,,2024-10-30,Fornecedor,30620,2024-30620-C
C00C1D0010F3,Estoque,,2024-10-30,Fornecedor,30620,2024-30620-C
C00C1D0012C3,Estoque,,2024-10-30,Fornecedor,30620,2024-30620-C
C00C1D001445,Estoque,,2024-10-30,Fornecedor,30620,2024-30620-C
C00C1D00068C,Estoque,,2024-10-30,Fornecedor,30620,2024-30620-C
C00C1D000554,Estoque,,2024-10-30,Fornecedor,30620,2024-30620-C
C00C1D001663,Estoque,,2024-10-30,Fornecedor,30620,2024-30620-C
C00C1D001555,Estoque,,2024-10-30,Fornecedor,30620,2024-30620-C
C00C1D0004B6,Estoque,,2024-10-30,Fornecedor,30620,2024-30620-C
C00C1D001451,Estoque,,2024-10-30,Fornecedor,30620,2024-30620-C
C00C1D0004C5,Estoque,,2024-10-30,Fornecedor,30620,2024-30620-C
C00C1D00155D,Estoque,,2024-10-30,Fornecedor,30620,2024-30620-C
C00C1D001389,Estoque,,2024-10-30,Fornecedor,30620,2024-30620-C
C00C1D001444,Estoque,,2024-10-30,Fornecedor,30620,2024-30620-C
C00C1D00096B,Estoque,,2024-10-30,Fornecedor,30620,2024-30620-C
C00C1D0007AC,Estoque,,2024-10-30,Fornecedor,30620,2024-30620-C
C00C1D000A08,Estoque,,2024-10-30,Fornecedor,30620,2024-30620-C
C00C1D001661,Estoque,,2024-10-30,Fornecedor,30620,2024-30620-C
C00C1D0009DF,Estoque,,2024-10-30,Fornecedor,30620,2024-30620-D
C00C1D00086D,Estoque,,2024-10-30,Fornecedor,30620,2024-30620-D
C00C1D0004CD,Estoque,,2024-10-30,Fornecedor,30620,2024-30620-D
C00C1D001431,Estoque,,2024-10-30,Fornecedor,30620,2024-30620-D
C00C1D0014AB,Estoque,,2024-10-30,Fornecedor,30620,2024-30620-D
C00C1D00133B,Estoque,,2024-10-30,Fornecedor,30620,2024-30620-D
C00C1D0010D4,Estoque,,2024-10-30,Fornecedor,30620,2024-30620-D
C00C1D0011E5,Estoque,,2024-10-30,Fornecedor,30620,2024-30620-D
C00C1D0012DC,Estoque,,2024-10-30,Fornecedor,30620,2024-30620-D
C00C1D00162C,Estoque,,2024-10-30,Fornecedor,30620,2024-30620-D
C00C1D001125,Estoque,,2024-10-30,Fornecedor,30620,2024-30620-D
C00C1D00144A,Estoque,,2024-10-30,Fornecedor,30620,2024-30620-D
C00C1D0014BF,Estoque,,2024-10-30,Fornecedor,30620,2024-30620-D
C00C1D001295,Estoque,,2024-10-30,Fornecedor,30620,2024-30620-D
C00C1D001420,Estoque,,2024-10-30,Fornecedor,30620,2024-30620-D
C00C1D001457,Estoque,,2024-10-30,Fornecedor,30620,2024-30620-D
C00C1D000607,Estoque,,2024-10-30,Fornecedor,30620,2024-30620-D
C00C1D001449,Estoque,,2024-10-30,Fornecedor,30620,2024-30620-D
C00C1D0013F6,Estoque,,2024-10-30,Fornecedor,30620,2024-30620-D
C00C1D0010BB,Estoque,,2024-10-30,Fornecedor,30620,2024-30620-D
C00C1D001309,Estoque,,2024-10-30,Fornecedor,30620,2024-30620-D
C00C1D00135D,Estoque,,2024-10-30,Fornecedor,30620,2024-30620-D
C00C1D0012C6,Estoque,,2024-10-30,Fornecedor,30620,2024-30620-D
C00C1D001506,Estoque,,2024-10-30,Fornecedor,30620,2024-30620-D
C00C1D001603,Estoque,,2024-10-30,Fornecedor,30620,2024-30620-D
C00C1D00148F,Estoque,,2024-10-30,Fornecedor,30620,2024-30620-D
C00C1D0004BA,Estoque,,2024-10-30,Fornecedor,30620,2024-30620-D
C00C1D00145D,Estoque,,2024-10-30,Fornecedor,30620,2024-30620-D
C00C1D000881,Estoque,,2024-10-30,Fornecedor,30620,2024-30620-D
C00C1D0012DF,Estoque,,2024-10-30,Fornecedor,30620,2024-30620-D
C00C1D000A11,Estoque,,2024-10-30,Fornecedor,30620,2024-30620-D
C00C1D000A0B,Estoque,,2024-10-30,Fornecedor,30620,2024-30620-D
C00C1D001174,Estoque,,2024-10-30,Fornecedor,30620,2024-30620-D
C00C1D0009A6,Estoque,,2024-10-30,Fornecedor,30620,2024-30620-D
C00C1D0008AE,Estoque,,2024-10-30,Fornecedor,30620,2024-30620-D
C00C1D0011C8,Estoque,,2024-10-30,Fornecedor,30620,2024-30620-D
C00C1D001516,Estoque,,2024-10-30,Fornecedor,30620,2024-30620-D
C00C1D000EC6,Estoque,,2024-10-30,Fornecedor,30620,2024-30620-D
C00C1D00095B,Estoque,,2024-10-30,Fornecedor,30620,2024-30620-D
C00C1D001962,Estoque,,2024-10-30,Fornecedor,30620,2024-30620-D
C00C1D0011FF,Estoque,,2024-10-30,Fornecedor,30620,2024-30620-D
C00C1D000A0C,Estoque,,2024-10-30,Fornecedor,30620,2024-30620-D
C00C1D0012DA,Estoque,,2024-10-30,Fornecedor,30620,2024-30620-D
C00C1D00052F,Estoque,,2024-10-30,Fornecedor,30620,2024-30620-D
C00C1D0013DD,Estoque,,2024-10-30,Fornecedor,30620,2024-30620-D
C00C1D0006FB,Estoque,,2024-10-30,Fornecedor,30620,2024-30620-D
C00C1D00145C,Estoque,,2024-10-30,Fornecedor,30620,2024-30620-D
C00C1D00128B,Estoque,,2024-10-30,Fornecedor,30620,2024-30620-D
C00C1D00159B,Estoque,,2024-10-30,Fornecedor,30620,2024-30620-D
C00C1D0014C6,Estoque,,2024-10-30,Fornecedor,30620,2024-30620-D
C00C1D000A1C,Estoque,,2024-10-30,Fornecedor,30620,2024-30620-D
C00C1D0013C4,Estoque,,2024-10-30,Fornecedor,30620,2024-30620-D
C00C1D00114D,Estoque,,2024-10-30,Fornecedor,30620,2024-30620-D
C00C1D001560,Estoque,,2024-10-30,Fornecedor,30620,2024-30620-D
C00C1D0006B4,Estoque,,2024-10-30,Fornecedor,30620,2024-30620-D
C00C1D00123F,Estoque,,2024-10-30,Fornecedor,30620,2024-30620-D
C00C1D001618,Estoque,,2024-10-30,Fornecedor,30620,2024-30620-D
C00C1D00136F,Estoque,,2024-10-30,Fornecedor,30620,2024-30620-D
C00C1D001C01,Estoque,,2024-10-30,Fornecedor,30620,2024-30620-D
C00C1D00157F,Estoque,,2024-10-30,Fornecedor,30620,2024-30620-D
C00C1D001455,Estoque,,2024-10-30,Fornecedor,30620,2024-30620-D
C00C1D00150F,Estoque,,2024-10-30,Fornecedor,30620,2024-30620-D
C00C1D001392,Estoque,,2024-10-30,Fornecedor,30620,2024-30620-D
C00C1D0008F5,Estoque,,2024-10-30,Fornecedor,30620,2024-30620-D
C00C1D001496,Estoque,,2024-10-30,Fornecedor,30620,2024-30620-D
C00C1D001959,Estoque,,2024-10-30,Fornecedor,30620,2024-30620-D
C00C1D00129D,Estoque,,2024-10-30,Fornecedor,30620,2024-30620-D
C00C1D0006F7,Estoque,,2024-10-30,Fornecedor,30620,2024-30620-D
C00C1D0012B2,Estoque,,2024-10-30,Fornecedor,30620,2024-30620-D
C00C1D001282,Estoque,,2024-10-30,Fornecedor,30620,2024-30620-D
C00C1D001436,Estoque,,2024-10-30,Fornecedor,30620,2024-30620-D
C00C1D0015BE,Estoque,,2024-10-30,Fornecedor,30620,2024-30620-D
C00C1D001324,Estoque,,2024-10-30,Fornecedor,30620,2024-30620-E
C00C1D0010C4,Estoque,,2024-10-30,Fornecedor,30620,2024-30620-E
C00C1D001475,Estoque,,2024-10-30,Fornecedor,30620,2024-30620-E
C00C1D00132C,Estoque,,2024-10-30,Fornecedor,30620,2024-30620-E
C00C1D001134,Estoque,,2024-10-30,Fornecedor,30620,2024-30620-E
C00C1D00129A,Estoque,,2024-10-30,Fornecedor,30620,2024-30620-E
C00C1D001419,Estoque,,2024-10-30,Fornecedor,30620,2024-30620-E
C00C1D00126F,Estoque,,2024-10-30,Fornecedor,30620,2024-30620-E
C00C1D0011EF,Estoque,,2024-10-30,Fornecedor,30620,2024-30620-E
C00C1D001557,Estoque,,2024-10-30,Fornecedor,30620,2024-30620-E
C00C1D000549,Estoque,,2024-10-30,Fornecedor,30620,2024-30620-E
C00C1D001BDA,Estoque,,2024-10-30,Fornecedor,30620,2024-30620-E
C00C1D000702,Estoque,,2024-10-30,Fornecedor,30620,2024-30620-E
C00C1D001268,Estoque,,2024-10-30,Fornecedor,30620,2024-30620-E
C00C1D000A26,Estoque,,2024-10-30,Fornecedor,30620,2024-30620-E
C00C1D001413,Estoque,,2024-10-30,Fornecedor,30620,2024-30620-E
C00C1D0015B9,Estoque,,2024-10-30,Fornecedor,30620,2024-30620-E
C00C1D0014C8,Estoque,,2024-10-30,Fornecedor,30620,2024-30620-E
C00C1D001202,Estoque,,2024-10-30,Fornecedor,30620,2024-30620-E
C00C1D00116D,Estoque,,2024-10-30,Fornecedor,30620,2024-30620-E
C00C1D001165,Estoque,,2024-10-30,Fornecedor,30620,2024-30620-E
C00C1D001185,Estoque,,2024-10-30,Fornecedor,30620,2024-30620-E
C00C1D000813,Estoque,,2024-10-30,Fornecedor,30620,2024-30620-E
C00C1D0015AA,Estoque,,2024-10-30,Fornecedor,30620,2024-30620-E
C00C1D001393,Estoque,,2024-10-30,Fornecedor,30620,2024-30620-E
C00C1D001657,Estoque,,2024-10-30,Fornecedor,30620,2024-30620-E
C00C1D00125E,Estoque,,2024-10-30,Fornecedor,30620,2024-30620-E
C00C1D0012BE,Estoque,,2024-10-30,Fornecedor,30620,2024-30620-E
C00C1D001DD4,Estoque,,2024-10-30,Fornecedor,30620,2024-30620-E
C00C1D0004CF,Estoque,,2024-10-30,Fornecedor,30620,2024-30620-E
C00C1D0015F9,Estoque,,2024-10-30,Fornecedor,30620,2024-30620-E
C00C1D000559,Estoque,,2024-10-30,Fornecedor,30620,2024-30620-E
C00C1D0019FB,Estoque,,2024-10-30,Fornecedor,30620,2024-30620-E
C00C1D001571,Estoque,,2024-10-30,Fornecedor,30620,2024-30620-E
C00C1D001306,Estoque,,2024-10-30,Fornecedor,30620,2024-30620-E
C00C1D001228,Estoque,,2024-10-30,Fornecedor,30620,2024-30620-E
C00C1D001135,Estoque,,2024-10-30,Fornecedor,30620,2024-30620-E
C00C1D0012A9,Estoque,,2024-10-30,Fornecedor,30620,2024-30620-E
C00C1D00143C,Estoque,,2024-10-30,Fornecedor,30620,2024-30620-E
C00C1D00060E,Estoque,,2024-10-30,Fornecedor,30620,2024-30620-E
C00C1D0012ED,Estoque,,2024-10-30,Fornecedor,30620,2024-30620-E
C00C1D001BBB,Estoque,,2024-10-30,Fornecedor,30620,2024-30620-E
C00C1D0015E0,Estoque,,2024-10-30,Fornecedor,30620,2024-30620-E
C00C1D0006A6,Estoque,,2024-10-30,Fornecedor,30620,2024-30620-E
C00C1D0014B5,Estoque,,2024-10-30,Fornecedor,30620,2024-30620-E
C00C1D0006C5,Estoque,,2024-10-30,Fornecedor,30620,2024-30620-E
C00C1D000498,Estoque,,2024-10-30,Fornecedor,30620,2024-30620-E
C00C1D001124,Estoque,,2024-10-30,Fornecedor,30620,2024-30620-E
C00C1D0013A3,Estoque,,2024-10-30,Fornecedor,30620,2024-30620-E
C00C1D001212,Estoque,,2024-10-30,Fornecedor,30620,2024-30620-E
C00C1D001567,Estoque,,2024-10-30,Fornecedor,30620,2024-30620-E
C00C1D000FF1,Estoque,,2024-10-30,Fornecedor,30620,2024-30620-E
C00C1D0015C5,Estoque,,2024-10-30,Fornecedor,30620,2024-30620-E
C00C1D001243,Estoque,,2024-10-30,Fornecedor,30620,2024-30620-E
C00C1D001262,Estoque,,2024-10-30,Fornecedor,30620,2024-30620-E
C00C1D001625,Estoque,,2024-10-30,Fornecedor,30620,2024-30620-E
C00C1D000806,Estoque,,2024-10-30,Fornecedor,30620,2024-30620-E
C00C1D0015B1,Estoque,,2024-10-30,Fornecedor,30620,2024-30620-E
C00C1D0014E3,Estoque,,2024-10-30,Fornecedor,30620,2024-30620-E
C00C1D00143A,Estoque,,2024-10-30,Fornecedor,30620,2024-30620-E
C00C1D00146B,Estoque,,2024-10-30,Fornecedor,30620,2024-30620-E
C00C1D00134D,Estoque,,2024-10-30,Fornecedor,30620,2024-30620-E
C00C1D0013B2,Estoque,,2024-10-30,Fornecedor,30620,2024-30620-E
C00C1D00055D,Estoque,,2024-10-30,Fornecedor,30620,2024-30620-E
C00C1D0006B3,Estoque,,2024-10-30,Fornecedor,30620,2024-30620-E
C00C1D000506,Estoque,,2024-10-30,Fornecedor,30620,2024-30620-E
C00C1D0013BF,Estoque,,2024-10-30,Fornecedor,30620,2024-30620-E
C00C1D001426,Estoque,,2024-10-30,Fornecedor,30620,2024-30620-E
C00C1D001A5B,Estoque,,2024-10-30,Fornecedor,30620,2024-30620-E
C00C1D00158D,Estoque,,2024-10-30,Fornecedor,30620,2024-30620-E
C00C1D0010D8,Estoque,,2024-10-30,Fornecedor,30620,2024-30620-E
C00C1D000799,Estoque,,2024-10-30,Fornecedor,30620,2024-30620-E
C00C1D00060F,Estoque,,2024-10-30,Fornecedor,30620,2024-30620-F
C00C1D0009E3,Estoque,,2024-10-30,Fornecedor,30620,2024-30620-F
C00C1D0012C2,Estoque,,2024-10-30,Fornecedor,30620,2024-30620-F
C00C1D000656,Estoque,,2024-10-30,Fornecedor,30620,2024-30620-F
C00C1D001632,Estoque,,2024-10-30,Fornecedor,30620,2024-30620-F
C00C1D0005C8,Estoque,,2024-10-30,Fornecedor,30620,2024-30620-F
C00C1D001345,Estoque,,2024-10-30,Fornecedor,30620,2024-30620-F
C00C1D0012AB,Estoque,,2024-10-30,Fornecedor,30620,2024-30620-F
C00C1D001385,Estoque,,2024-10-30,Fornecedor,30620,2024-30620-F
C00C1D00051B,Estoque,,2024-10-30,Fornecedor,30620,2024-30620-F
C00C1D00135B,Estoque,,2024-10-30,Fornecedor,30620,2024-30620-F
C00C1D001257,Estoque,,2024-10-30,Fornecedor,30620,2024-30620-F
C00C1D001592,Estoque,,2024-10-30,Fornecedor,30620,2024-30620-F
C00C1D000A16,Estoque,,2024-10-30,Fornecedor,30620,2024-30620-F
C00C1D00116E,Estoque,,2024-10-30,Fornecedor,30620,2024-30620-F
C00C1D001223,Estoque,,2024-10-30,Fornecedor,30620,2024-30620-F
C00C1D0006B7,Estoque,,2024-10-30,Fornecedor,30620,2024-30620-F
C00C1D001166,Estoque,,2024-10-30,Fornecedor,30620,2024-30620-F
C00C1D0015BD,Estoque,,2024-10-30,Fornecedor,30620,2024-30620-F
C00C1D000514,Estoque,,2024-10-30,Fornecedor,30620,2024-30620-F
C00C1D0015D3,Estoque,,2024-10-30,Fornecedor,30620,2024-30620-F
C00C1D001372,Estoque,,2024-10-30,Fornecedor,30620,2024-30620-F
C00C1D0008F9,Estoque,,2024-10-30,Fornecedor,30620,2024-30620-F
C00C1D00124C,Estoque,,2024-10-30,Fornecedor,30620,2024-30620-F
C00C1D001479,Estoque,,2024-10-30,Fornecedor,30620,2024-30620-F
C00C1D0013E7,Estoque,,2024-10-30,Fornecedor,30620,2024-30620-F
C00C1D0014A3,Estoque,,2024-10-30,Fornecedor,30620,2024-30620-F
C00C1D001226,Estoque,,2024-10-30,Fornecedor,30620,2024-30620-F
C00C1D00164E,Estoque,,2024-10-30,Fornecedor,30620,2024-30620-F
C00C1D00124A,Estoque,,2024-10-30,Fornecedor,30620,2024-30620-F
C00C1D0012CA,Estoque,,2024-10-30,Fornecedor,30620,2024-30620-F
C00C1D00139C,Estoque,,2024-10-30,Fornecedor,30620,2024-30620-F
C00C1D001648,Estoque,,2024-10-30,Fornecedor,30620,2024-30620-F
C00C1D001BA9,Estoque,,2024-10-30,Fornecedor,30620,2024-30620-F
C00C1D001277,Estoque,,2024-10-30,Fornecedor,30620,2024-30620-F
C00C1D001554,Estoque,,2024-10-30,Fornecedor,30620,2024-30620-F
C00C1D001619,Estoque,,2024-10-30,Fornecedor,30620,2024-30620-F
C00C1D001333,Estoque,,2024-10-30,Fornecedor,30620,2024-30620-F
C00C1D0011CF,Estoque,,2024-10-30,Fornecedor,30620,2024-30620-F
C00C1D0011E3,Estoque,,2024-10-30,Fornecedor,30620,2024-30620-F
C00C1D00129D,Cliente,CMPC,2024-11-18,,,
C00C1D0006F7,Cliente,CMPC,2024-11-18,,,
C00C1D001226,Cliente,CMPC,2024-11-18,,,
C00C1D00164E,Cliente,CMPC,2024-11-18,,,
C00C1D00124A,Cliente,CMPC,2024-11-18,,,
C00C1D0012CA,Cliente,CMPC,2024-11-18,,,
C00C1D00139C,Cliente,CMPC,2024-11-18,,,
C00C1D0012B2,Cliente,CMPC,2024-11-18,,,
C00C1D001282,Cliente,CMPC,2024-11-18,,,
C00C1D0015BE,Cliente,CMPC,2024-11-18,,,
C00C1D001436,Cliente,CMPC,2024-11-18,,,
C00C1D0015BD,Cliente,CMPC,2024-11-18,,,
C00C1D000514,Cliente,CMPC,2024-11-18,,,
C00C1D0015D3,Cliente,CMPC,2024-11-18,,,
C00C1D001372,Cliente,CMPC,2024-11-18,,,
C00C1D0008F9,Cliente,CMPC,2024-11-18,,,
C00C1D00124C,Cliente,CMPC,2024-11-18,,,
C00C1D001479,Cliente,CMPC,2024-11-18,,,
C00C1D0013E7,Cliente,CMPC,2024-11-18,,,
C00C1D0014A3,Cliente,CMPC,2024-11-18,,,
C00C1D00051B,Cliente,CMPC,2024-11-18,,,
C00C1D00135B,Cliente,CMPC,2024-11-18,,,
C00C1D001257,Cliente,CMPC,2024-11-18,,,
C00C1D001592,Cliente,CMPC,2024-11-18,,,
C00C1D000A16,Cliente,CMPC,2024-11-18,,,
C00C1D00116E,Cliente,CMPC,2024-11-18,,,
C00C1D001223,Cliente,CMPC,2024-11-18,,,
C00C1D0006B7,Cliente,CMPC,2024-11-18,,,
C00C1D001166,Cliente,CMPC,2024-11-18,,,
C00C1D00060F,Cliente,CMPC,2024-11-18,,,
C00C1D0009E3,Cliente,CMPC,2024-11-18,,,
C00C1D0012C2,Cliente,CMPC,2024-11-18,,,
C00C1D000656,Cliente,CMPC,2024-11-18,,,
C00C1D001632,Cliente,CMPC,2024-11-18,,,
C00C1D0005C8,Cliente,CMPC,2024-11-18,,,
C00C1D001345,Cliente,CMPC,2024-11-18,,,
C00C1D0012AB,Cliente,CMPC,2024-11-18,,,
C00C1D001385,Cliente,CMPC,2024-11-18,,,
C00C1D00055D,Cliente,CMPC,2024-11-18,,,
C00C1D0006B3,Cliente,CMPC,2024-11-18,,,
C00C1D000506,Cliente,CMPC,2024-11-18,,,
C00C1D0013BF,Cliente,CMPC,2024-11-18,,,
C00C1D001426,Cliente,CMPC,2024-11-18,,,
C00C1D001A5B,Cliente,CMPC,2024-11-18,,,
C00C1D00158D,Cliente,CMPC,2024-11-18,,,
C00C1D0010D8,Cliente,CMPC,2024-11-18,,,
C00C1D000799,Cliente,CMPC,2024-11-18,,,
C00C1D001262,Cliente,CMPC,2024-11-18,,,
C00C1D001625,Cliente,CMPC,2024-11-18,,,
C00C1D000806,Cliente,CMPC,2024-11-18,,,
C00C1D0015B1,Cliente,CMPC,2024-11-18,,,
C00C1D0014E3,Cliente,CMPC,2024-11-18,,,
C00C1D00143A,Cliente,CMPC,2024-11-18,,,
C00C1D00146B,Cliente,CMPC,2024-11-18,,,
C00C1D00134D,Cliente,CMPC,2024-11-18,,,
C00C1D0013B2,Cliente,CMPC,2024-11-18,,,
C00C1D0006C5,Cliente,CMPC,2024-11-18,,,
C00C1D000498,Cliente,CMPC,2024-11-18,,,
C00C1D001124,Cliente,CMPC,2024-11-18,,,
C00C1D0013A3,Cliente,CMPC,2024-11-18,,,
C00C1D001212,Cliente,CMPC,2024-11-18,,,
C00C1D001567,Cliente,CMPC,2024-11-18,,,
C00C1D000FF1,Cliente,CMPC,2024-11-18,,,
C00C1D0015C5,Cliente,CMPC,2024-11-18,,,
C00C1D001243,Cliente,CMPC,2024-11-18,,,
C00C1D001135,Cliente,CMPC,2024-11-18,,,
C00C1D0012A9,Cliente,CMPC,2024-11-18,,,
C00C1D00143C,Cliente,CMPC,2024-11-18,,,
C00C1D00060E,Cliente,CMPC,2024-11-18,,,
C00C1D0012ED,Cliente,CMPC,2024-11-18,,,
C00C1D001BBB,Cliente,CMPC,2024-11-18,,,
C00C1D0015E0,Cliente,CMPC,2024-11-18,,,
C00C1D0006A6,Cliente,CMPC,2024-11-18,,,
C00C1D0014B5,Cliente,CMPC,2024-11-18,,,
C00C1D0012BE,Cliente,CMPC,2024-11-18,,,
C00C1D001DD4,Cliente,CMPC,2024-11-18,,,
C00C1D0004CF,Cliente,CMPC,2024-11-18,,,
C00C1D0015F9,Cliente,CMPC,2024-11-18,,,
C00C1D000559,Cliente,CMPC,2024-11-18,,,
C00C1D0019FB,Cliente,CMPC,2024-11-18,,,
C00C1D001571,Cliente,CMPC,2024-11-18,,,
C00C1D001306,Cliente,CMPC,2024-11-18,,,
C00C1D001228,Cliente,CMPC,2024-11-18,,,
C00C1D001202,Cliente,CMPC,2024-11-18,,,
C00C1D00116D,Cliente,CMPC,2024-11-18,,,
C00C1D001165,Cliente,CMPC,2024-11-18,,,
C00C1D001185,Cliente,CMPC,2024-11-18,,,
C00C1D000813,Cliente,CMPC,2024-11-18,,,
C00C1D0015AA,Cliente,CMPC,2024-11-18,,,
C00C1D001393,Cliente,CMPC,2024-11-18,,,
C00C1D001657,Cliente,CMPC,2024-11-18,,,
C00C1D00125E,Cliente,CMPC,2024-11-18,,,
C00C1D001557,Cliente,CMPC,2024-11-18,,,
C00C1D000549,Cliente,CMPC,2024-11-18,,,
C00C1D001BDA,Cliente,CMPC,2024-11-18,,,
C00C1D000702,Cliente,CMPC,2024-11-18,,,
C00C1D001268,Cliente,CMPC,2024-11-18,,,
C00C1D000A26,Cliente,CMPC,2024-11-18,,,
C00C1D001413,Cliente,CMPC,2024-11-18,,,
C00C1D0015B9,Cliente,CMPC,2024-11-18,,,
C00C1D0014C8,Cliente,CMPC,2024-11-18,,,
C00C1D001324,Cliente,CMPC,2024-11-18,,,
C00C1D0010C4,Cliente,CMPC,2024-11-18,,,
C00C1D001475,Cliente,CMPC,2024-11-18,,,
C00C1D00132C,Cliente,CMPC,2024-11-18,,,
C00C1D001134,Cliente,CMPC,2024-11-18,,,
C00C1D00129A,Cliente,CMPC,2024-11-18,,,
C00C1D001419,Cliente,CMPC,2024-11-18,,,
C00C1D00126F,Cliente,CMPC,2024-11-18,,,
C00C1D0011EF,Cliente,CMPC,2024-11-18,,,
